distribution	version	python_executable	location	ownership	owning_debian_package	environment_path	restore_method	notes
apt-listchanges	4.8	/usr/bin/python3	/usr/lib/python3/dist-packages	apt-managed-python	apt-listchanges		Install Debian package apt-listchanges	metadata=/usr/lib/python3/dist-packages/apt_listchanges-4.8.dist-info
arrow	1.3.0	/usr/bin/python3	/usr/lib/python3/dist-packages	apt-managed-python	python3-arrow		Install Debian package python3-arrow	metadata=/usr/lib/python3/dist-packages/arrow-1.3.0.dist-info
asgiref	3.8.1	/usr/bin/python3	/usr/lib/python3/dist-packages	apt-managed-python	python3-asgiref		Install Debian package python3-asgiref	metadata=/usr/lib/python3/dist-packages/asgiref-3.8.1.dist-info
astroid	3.3.8	/usr/bin/python3	/usr/lib/python3/dist-packages	apt-managed-python	python3-astroid		Install Debian package python3-astroid	metadata=/usr/lib/python3/dist-packages/astroid-3.3.8.dist-info
asttokens	3.0.0	/usr/bin/python3	/usr/lib/python3/dist-packages	apt-managed-python	python3-asttokens		Install Debian package python3-asttokens	metadata=/usr/lib/python3/dist-packages/asttokens-3.0.0.dist-info
attrs	25.3.0	/usr/bin/python3	/usr/lib/python3/dist-packages	apt-managed-python	python3-attr		Install Debian package python3-attr	metadata=/usr/lib/python3/dist-packages/attrs-25.3.0.dist-info
autocommand	2.2.2	/usr/bin/python3	/usr/lib/python3/dist-packages	apt-managed-python	python3-autocommand		Install Debian package python3-autocommand	metadata=/usr/lib/python3/dist-packages/autocommand-2.2.2.dist-info
av	14.2.0	/usr/bin/python3	/usr/lib/python3/dist-packages	apt-managed-python	python3-av		Install Debian package python3-av	metadata=/usr/lib/python3/dist-packages/av-14.2.0.dist-info
babel	2.17.0	/usr/bin/python3	/usr/lib/python3/dist-packages	apt-managed-python	python3-babel		Install Debian package python3-babel	metadata=/usr/lib/python3/dist-packages/babel-2.17.0.egg-info
bcrypt	4.2.0	/usr/bin/python3	/usr/lib/python3/dist-packages	apt-managed-python	python3-bcrypt		Install Debian package python3-bcrypt	metadata=/usr/lib/python3/dist-packages/bcrypt-4.2.0.dist-info
beautifulsoup4	4.13.4	/usr/bin/python3	/usr/lib/python3/dist-packages	apt-managed-python	python3-bs4		Install Debian package python3-bs4	metadata=/usr/lib/python3/dist-packages/beautifulsoup4-4.13.4.dist-info
blinker	1.9.0	/usr/bin/python3	/usr/lib/python3/dist-packages	apt-managed-python	python3-blinker		Install Debian package python3-blinker	metadata=/usr/lib/python3/dist-packages/blinker-1.9.0.dist-info
certifi	2025.1.31	/usr/bin/python3	/usr/lib/python3/dist-packages	apt-managed-python	python3-certifi		Install Debian package python3-certifi	metadata=/usr/lib/python3/dist-packages/certifi-2025.1.31.egg-info
chardet	5.2.0	/usr/bin/python3	/usr/lib/python3/dist-packages	apt-managed-python	python3-chardet		Install Debian package python3-chardet	metadata=/usr/lib/python3/dist-packages/chardet-5.2.0.dist-info
charset-normalizer	3.4.2	/usr/bin/python3	/usr/lib/python3/dist-packages	apt-managed-python	python3-charset-normalizer		Install Debian package python3-charset-normalizer	metadata=/usr/lib/python3/dist-packages/charset_normalizer-3.4.2.dist-info
click	8.1.8	/usr/bin/python3	/usr/lib/python3/dist-packages	apt-managed-python	python3-click		Install Debian package python3-click	metadata=/usr/lib/python3/dist-packages/click-8.1.8.dist-info
cloud-init	25.2	/usr/bin/python3	/usr/lib/python3/dist-packages	apt-managed-python	cloud-init		Install Debian package cloud-init	metadata=/usr/lib/python3/dist-packages/cloud_init-25.2.egg-info
colorzero	2.0	/usr/bin/python3	/usr/lib/python3/dist-packages	apt-managed-python	python3-colorzero		Install Debian package python3-colorzero	metadata=/usr/lib/python3/dist-packages/colorzero-2.0.egg-info
configobj	5.0.9	/usr/bin/python3	/usr/lib/python3/dist-packages	apt-managed-python	python3-configobj		Install Debian package python3-configobj	metadata=/usr/lib/python3/dist-packages/configobj-5.0.9.dist-info
cryptography	43.0.0	/usr/bin/python3	/usr/lib/python3/dist-packages	apt-managed-python	python3-cryptography		Install Debian package python3-cryptography	metadata=/usr/lib/python3/dist-packages/cryptography-43.0.0.dist-info
cssselect	1.3.0	/usr/bin/python3	/usr/lib/python3/dist-packages	apt-managed-python	python3-cssselect		Install Debian package python3-cssselect	metadata=/usr/lib/python3/dist-packages/cssselect-1.3.0.egg-info
cupshelpers	1.0	/usr/bin/python3	/usr/lib/python3/dist-packages	apt-managed-python	python3-cupshelpers		Install Debian package python3-cupshelpers	metadata=/usr/lib/python3/dist-packages/cupshelpers-1.0.egg-info
dbus-python	1.4.0	/usr/bin/python3	/usr/lib/python3/dist-packages	apt-managed-python	python3-dbus		Install Debian package python3-dbus	metadata=/usr/lib/python3/dist-packages/dbus_python-1.4.0.egg-info
dbus_next	0.2.3	/usr/bin/python3	/usr/lib/python3/dist-packages	apt-managed-python	python3-dbus-next		Install Debian package python3-dbus-next	metadata=/usr/lib/python3/dist-packages/dbus_next-0.2.3.egg-info
devscripts	2.25.15+deb13u1	/usr/bin/python3	/usr/lib/python3/dist-packages	apt-managed-python	devscripts		Install Debian package devscripts	metadata=/usr/lib/python3/dist-packages/devscripts-2.25.15+deb13u1.egg-info
dill	0.4.0	/usr/bin/python3	/usr/lib/python3/dist-packages	apt-managed-python	python3-dill		Install Debian package python3-dill	metadata=/usr/lib/python3/dist-packages/dill-0.4.0.dist-info
distlib	0.3.9	/usr/bin/python3	/usr/lib/python3/dist-packages	apt-managed-python	python3-distlib		Install Debian package python3-distlib	metadata=/usr/lib/python3/dist-packages/distlib-0.3.9.egg-info
distro	1.9.0	/usr/bin/python3	/usr/lib/python3/dist-packages	apt-managed-python	python3-distro		Install Debian package python3-distro	metadata=/usr/lib/python3/dist-packages/distro-1.9.0.dist-info
docutils	0.21.2	/usr/bin/python3	/usr/lib/python3/dist-packages	apt-managed-python	python3-docutils		Install Debian package python3-docutils	metadata=/usr/lib/python3/dist-packages/docutils-0.21.2.dist-info
filelock	3.18.0	/usr/bin/python3	/usr/lib/python3/dist-packages	apt-managed-python	python3-filelock		Install Debian package python3-filelock	metadata=/usr/lib/python3/dist-packages/filelock-3.18.0.dist-info
Flask	3.1.1	/usr/bin/python3	/usr/lib/python3/dist-packages	apt-managed-python	python3-flask		Install Debian package python3-flask	metadata=/usr/lib/python3/dist-packages/flask-3.1.1.dist-info
fqdn	1.5.1	/usr/bin/python3	/usr/lib/python3/dist-packages	apt-managed-python	python3-fqdn		Install Debian package python3-fqdn	metadata=/usr/lib/python3/dist-packages/fqdn-1.5.1.egg-info
freetype-py	2.5.1	/usr/bin/python3	/usr/lib/python3/dist-packages	apt-managed-python	python3-freetype		Install Debian package python3-freetype	metadata=/usr/lib/python3/dist-packages/freetype_py-2.5.1.dist-info
gpiod	2.2.0	/usr/bin/python3	/usr/lib/python3/dist-packages	apt-managed-python	python3-libgpiod		Install Debian package python3-libgpiod	metadata=/usr/lib/python3/dist-packages/gpiod-2.2.0.dist-info
gpiozero	2.0.1	/usr/bin/python3	/usr/lib/python3/dist-packages	apt-managed-python	python3-gpiozero		Install Debian package python3-gpiozero	metadata=/usr/lib/python3/dist-packages/gpiozero-2.0.1.egg-info
gyp-next	0.16.2	/usr/bin/python3	/usr/lib/python3/dist-packages	apt-managed-python	gyp		Install Debian package gyp	metadata=/usr/lib/python3/dist-packages/gyp_next-0.16.2.dist-info
html5lib-modern	1.2	/usr/bin/python3	/usr/lib/python3/dist-packages	apt-managed-python	python3-html5lib		Install Debian package python3-html5lib	metadata=/usr/lib/python3/dist-packages/html5lib_modern-1.2.egg-info
idna	3.10	/usr/bin/python3	/usr/lib/python3/dist-packages	apt-managed-python	python3-idna		Install Debian package python3-idna	metadata=/usr/lib/python3/dist-packages/idna-3.10.dist-info
inflect	7.3.1	/usr/bin/python3	/usr/lib/python3/dist-packages	apt-managed-python	python3-inflect		Install Debian package python3-inflect	metadata=/usr/lib/python3/dist-packages/inflect-7.3.1.dist-info
isoduration	20.11.0	/usr/bin/python3	/usr/lib/python3/dist-packages	apt-managed-python	python3-isoduration		Install Debian package python3-isoduration	metadata=/usr/lib/python3/dist-packages/isoduration-20.11.0.egg-info
isort	6.0.1	/usr/bin/python3	/usr/lib/python3/dist-packages	apt-managed-python	python3-isort		Install Debian package python3-isort	metadata=/usr/lib/python3/dist-packages/isort-6.0.1.dist-info
itsdangerous	2.2.0	/usr/bin/python3	/usr/lib/python3/dist-packages	apt-managed-python	python3-itsdangerous		Install Debian package python3-itsdangerous	metadata=/usr/lib/python3/dist-packages/itsdangerous-2.2.0.dist-info
jaraco.context	6.0.1	/usr/bin/python3	/usr/lib/python3/dist-packages	apt-managed-python	python3-jaraco.context		Install Debian package python3-jaraco.context	metadata=/usr/lib/python3/dist-packages/jaraco_context-6.0.1.dist-info
jaraco.functools	4.1.0	/usr/bin/python3	/usr/lib/python3/dist-packages	apt-managed-python	python3-jaraco.functools		Install Debian package python3-jaraco.functools	metadata=/usr/lib/python3/dist-packages/jaraco.functools-4.1.0.dist-info
jaraco.text	4.0.0	/usr/bin/python3	/usr/lib/python3/dist-packages	apt-managed-python	python3-jaraco.text		Install Debian package python3-jaraco.text	metadata=/usr/lib/python3/dist-packages/jaraco.text-4.0.0.dist-info
jedi	0.19.1	/usr/bin/python3	/usr/lib/python3/dist-packages	apt-managed-python	python3-jedi		Install Debian package python3-jedi	metadata=/usr/lib/python3/dist-packages/jedi-0.19.1.egg-info
Jinja2	3.1.6	/usr/bin/python3	/usr/lib/python3/dist-packages	apt-managed-python	python3-jinja2		Install Debian package python3-jinja2	metadata=/usr/lib/python3/dist-packages/jinja2-3.1.6.dist-info
jsonpatch	1.32	/usr/bin/python3	/usr/lib/python3/dist-packages	apt-managed-python	python3-jsonpatch		Install Debian package python3-jsonpatch	metadata=/usr/lib/python3/dist-packages/jsonpatch-1.32.egg-info
jsonpointer	2.4	/usr/bin/python3	/usr/lib/python3/dist-packages	apt-managed-python	python3-json-pointer		Install Debian package python3-json-pointer	metadata=/usr/lib/python3/dist-packages/jsonpointer-2.4.egg-info
jsonschema	4.19.2	/usr/bin/python3	/usr/lib/python3/dist-packages	apt-managed-python	python3-jsonschema		Install Debian package python3-jsonschema	metadata=/usr/lib/python3/dist-packages/jsonschema-4.19.2.dist-info
jsonschema-specifications	2023.12.1	/usr/bin/python3	/usr/lib/python3/dist-packages	apt-managed-python	python3-jsonschema-specifications		Install Debian package python3-jsonschema-specifications	metadata=/usr/lib/python3/dist-packages/jsonschema_specifications-2023.12.1.dist-info
lgpio	0.2.2.0	/usr/bin/python3	/usr/lib/python3/dist-packages	apt-managed-python	python3-lgpio		Install Debian package python3-lgpio	metadata=/usr/lib/python3/dist-packages/lgpio-0.2.2.0.egg-info
libarchive-c	5.1	/usr/bin/python3	/usr/lib/python3/dist-packages	apt-managed-python	python3-libarchive-c		Install Debian package python3-libarchive-c	metadata=/usr/lib/python3/dist-packages/libarchive_c-5.1.egg-info
libevdev	0.11	/usr/bin/python3	/usr/lib/python3/dist-packages	apt-managed-python	python3-libevdev		Install Debian package python3-libevdev	metadata=/usr/lib/python3/dist-packages/libevdev-0.11.egg-info
linkify-it-py	2.0.3	/usr/bin/python3	/usr/lib/python3/dist-packages	apt-managed-python	python3-linkify-it		Install Debian package python3-linkify-it	metadata=/usr/lib/python3/dist-packages/linkify_it_py-2.0.3.dist-info
logilab-common	2.1.0	/usr/bin/python3	/usr/lib/python3/dist-packages	apt-managed-python	python3-logilab-common		Install Debian package python3-logilab-common	metadata=/usr/lib/python3/dist-packages/logilab_common-2.1.0.egg-info
lxml	5.4.0	/usr/bin/python3	/usr/lib/python3/dist-packages	apt-managed-python	python3-lxml:arm64		Install Debian package python3-lxml:arm64	metadata=/usr/lib/python3/dist-packages/lxml-5.4.0.egg-info
markdown-it-py	3.0.0	/usr/bin/python3	/usr/lib/python3/dist-packages	apt-managed-python	python3-markdown-it		Install Debian package python3-markdown-it	metadata=/usr/lib/python3/dist-packages/markdown_it_py-3.0.0.dist-info
MarkupSafe	2.1.5	/usr/bin/python3	/usr/lib/python3/dist-packages	apt-managed-python	python3-markupsafe		Install Debian package python3-markupsafe	metadata=/usr/lib/python3/dist-packages/MarkupSafe-2.1.5.egg-info
mccabe	0.7.0	/usr/bin/python3	/usr/lib/python3/dist-packages	apt-managed-python	python3-mccabe		Install Debian package python3-mccabe	metadata=/usr/lib/python3/dist-packages/mccabe-0.7.0.egg-info
mdurl	0.1.2	/usr/bin/python3	/usr/lib/python3/dist-packages	apt-managed-python	python3-mdurl		Install Debian package python3-mdurl	metadata=/usr/lib/python3/dist-packages/mdurl-0.1.2.dist-info
meson	1.7.0	/usr/bin/python3	/usr/lib/python3/dist-packages	apt-managed-python	meson		Install Debian package meson	metadata=/usr/lib/python3/dist-packages/meson-1.7.0.egg-info
more-itertools	10.7.0	/usr/bin/python3	/usr/lib/python3/dist-packages	apt-managed-python	python3-more-itertools		Install Debian package python3-more-itertools	metadata=/usr/lib/python3/dist-packages/more_itertools-10.7.0.dist-info
musicbrainzngs	0.7.1	/usr/bin/python3	/usr/lib/python3/dist-packages	apt-managed-python	python3-musicbrainzngs		Install Debian package python3-musicbrainzngs	metadata=/usr/lib/python3/dist-packages/musicbrainzngs-0.7.1.egg-info
mutagen	1.47.0	/usr/bin/python3	/usr/lib/python3/dist-packages	apt-managed-python	python3-mutagen		Install Debian package python3-mutagen	metadata=/usr/lib/python3/dist-packages/mutagen-1.47.0.egg-info
mypy	1.15.0	/usr/bin/python3	/usr/lib/python3/dist-packages	apt-managed-python	python3-mypy		Install Debian package python3-mypy	metadata=/usr/lib/python3/dist-packages/mypy-1.15.0.dist-info
mypy-extensions	1.0.0	/usr/bin/python3	/usr/lib/python3/dist-packages	apt-managed-python	python3-mypy-extensions		Install Debian package python3-mypy-extensions	metadata=/usr/lib/python3/dist-packages/mypy_extensions-1.0.0.egg-info
numpy	2.2.4	/usr/bin/python3	/usr/lib/python3/dist-packages	apt-managed-python	python3-numpy		Install Debian package python3-numpy	metadata=/usr/lib/python3/dist-packages/numpy-2.2.4.dist-info
oauthlib	3.2.2	/usr/bin/python3	/usr/lib/python3/dist-packages	apt-managed-python	python3-oauthlib		Install Debian package python3-oauthlib	metadata=/usr/lib/python3/dist-packages/oauthlib-3.2.2.dist-info
olefile	0.47	/usr/bin/python3	/usr/lib/python3/dist-packages	apt-managed-python	python3-olefile		Install Debian package python3-olefile	metadata=/usr/lib/python3/dist-packages/olefile-0.47.egg-info
OpenEXR	1.3.10	/usr/bin/python3	/usr/lib/python3/dist-packages	apt-managed-python	python3-openexr		Install Debian package python3-openexr	metadata=/usr/lib/python3/dist-packages/OpenEXR-1.3.10.egg-info
orjson	3.10.7	/usr/bin/python3	/usr/lib/python3/dist-packages	apt-managed-python	python3-orjson		Install Debian package python3-orjson	metadata=/usr/lib/python3/dist-packages/orjson-3.10.7.dist-info
packaging	25.0	/usr/bin/python3	/usr/lib/python3/dist-packages	apt-managed-python	python3-packaging		Install Debian package python3-packaging	metadata=/usr/lib/python3/dist-packages/packaging-25.0.dist-info
parso	0.8.4	/usr/bin/python3	/usr/lib/python3/dist-packages	apt-managed-python	python3-parso		Install Debian package python3-parso	metadata=/usr/lib/python3/dist-packages/parso-0.8.4.egg-info
pexpect	4.9.0	/usr/bin/python3	/usr/lib/python3/dist-packages	apt-managed-python	python3-pexpect		Install Debian package python3-pexpect	metadata=/usr/lib/python3/dist-packages/pexpect-4.9.0.egg-info
pgzero	1.2.1	/usr/bin/python3	/usr/lib/python3/dist-packages	apt-managed-python	python3-pgzero		Install Debian package python3-pgzero	metadata=/usr/lib/python3/dist-packages/pgzero-1.2.1.dist-info
picamera2	0.3.36	/usr/bin/python3	/usr/lib/python3/dist-packages	apt-managed-python	python3-picamera2		Install Debian package python3-picamera2	metadata=/usr/lib/python3/dist-packages/picamera2-0.3.36.dist-info
pidng	4.0.9	/usr/bin/python3	/usr/lib/python3/dist-packages	apt-managed-python	python3-pidng		Install Debian package python3-pidng	metadata=/usr/lib/python3/dist-packages/pidng-4.0.9.egg-info
piexif	1.1.3	/usr/bin/python3	/usr/lib/python3/dist-packages	apt-managed-python	python3-piexif		Install Debian package python3-piexif	metadata=/usr/lib/python3/dist-packages/piexif-1.1.3.egg-info
pigpio	1.78	/usr/bin/python3	/usr/local/lib/python3.13/dist-packages/pigpio-1.78-py3.13.egg	apt-managed-python	qt6-tools-dev:arm64		Install Debian package qt6-tools-dev:arm64	metadata=/usr/local/lib/python3.13/dist-packages/pigpio-1.78-py3.13.egg/EGG-INFO
pillow	11.1.0	/usr/bin/python3	/usr/lib/python3/dist-packages	apt-managed-python	python3-pil:arm64		Install Debian package python3-pil:arm64	metadata=/usr/lib/python3/dist-packages/pillow-11.1.0.egg-info
pip	25.1.1	/usr/bin/python3	/usr/lib/python3/dist-packages	apt-managed-python	python3-pip		Install Debian package python3-pip	metadata=/usr/lib/python3/dist-packages/pip-25.1.1.dist-info
pipenv	2024.0.1	/usr/bin/python3	/usr/lib/python3/dist-packages	apt-managed-python	pipenv		Install Debian package pipenv	metadata=/usr/lib/python3/dist-packages/pipenv-2024.0.1.dist-info
platformdirs	4.3.7	/usr/bin/python3	/usr/lib/python3/dist-packages	apt-managed-python	python3-platformdirs		Install Debian package python3-platformdirs	metadata=/usr/lib/python3/dist-packages/platformdirs-4.3.7.dist-info
psutil	7.0.0	/usr/bin/python3	/usr/lib/python3/dist-packages	apt-managed-python	python3-psutil		Install Debian package python3-psutil	metadata=/usr/lib/python3/dist-packages/psutil-7.0.0.dist-info
ptyprocess	0.7.0	/usr/bin/python3	/usr/lib/python3/dist-packages	apt-managed-python	python3-ptyprocess		Install Debian package python3-ptyprocess	metadata=/usr/lib/python3/dist-packages/ptyprocess-0.7.0.dist-info
pyasyncore	1.0.2	/usr/bin/python3	/usr/lib/python3/dist-packages	apt-managed-python	python3-pyasyncore		Install Debian package python3-pyasyncore	metadata=/usr/lib/python3/dist-packages/pyasyncore-1.0.2.egg-info
pycairo	1.27.0	/usr/bin/python3	/usr/lib/python3/dist-packages	apt-managed-python	python3-cairo		Install Debian package python3-cairo	metadata=/usr/lib/python3/dist-packages/pycairo-1.27.0.dist-info
pycryptodomex	3.20.0	/usr/bin/python3	/usr/lib/python3/dist-packages	apt-managed-python	python3-pycryptodome		Install Debian package python3-pycryptodome	metadata=/usr/lib/python3/dist-packages/pycryptodomex-3.20.0.egg-info
pycups	2.0.4	/usr/bin/python3	/usr/lib/python3/dist-packages	apt-managed-python	python3-cups:arm64		Install Debian package python3-cups:arm64	metadata=/usr/lib/python3/dist-packages/pycups-2.0.4.dist-info
pygame	2.6.1	/usr/bin/python3	/usr/lib/python3/dist-packages	apt-managed-python	python3-pygame		Install Debian package python3-pygame	metadata=/usr/lib/python3/dist-packages/pygame-2.6.1.egg-info
Pygments	2.18.0	/usr/bin/python3	/usr/lib/python3/dist-packages	apt-managed-python	python3-pygments		Install Debian package python3-pygments	metadata=/usr/lib/python3/dist-packages/pygments-2.18.0.dist-info
PyGObject	3.50.0	/usr/bin/python3	/usr/lib/python3/dist-packages	apt-managed-python	python3-gi		Install Debian package python3-gi	metadata=/usr/lib/python3/dist-packages/PyGObject-3.50.0.dist-info
pyinotify	0.9.6	/usr/bin/python3	/usr/lib/python3/dist-packages	apt-managed-python	python3-pyinotify		Install Debian package python3-pyinotify	metadata=/usr/lib/python3/dist-packages/pyinotify-0.9.6.dist-info
PyJWT	2.10.1	/usr/bin/python3	/usr/lib/python3/dist-packages	apt-managed-python	python3-jwt		Install Debian package python3-jwt	metadata=/usr/lib/python3/dist-packages/pyjwt-2.10.1.dist-info
pylint	3.3.4	/usr/bin/python3	/usr/lib/python3/dist-packages	apt-managed-python	pylint		Install Debian package pylint	metadata=/usr/lib/python3/dist-packages/pylint-3.3.4.dist-info
PyOpenGL	3.1.9	/usr/bin/python3	/usr/lib/python3/dist-packages	apt-managed-python	python3-opengl		Install Debian package python3-opengl	metadata=/usr/lib/python3/dist-packages/pyopengl-3.1.9.dist-info
pyOpenSSL	25.0.0	/usr/bin/python3	/usr/lib/python3/dist-packages	apt-managed-python	python3-openssl		Install Debian package python3-openssl	metadata=/usr/lib/python3/dist-packages/pyOpenSSL-25.0.0.egg-info
PyQt5	5.15.11	/usr/bin/python3	/usr/lib/python3/dist-packages	apt-managed-python	python3-pyqt5		Install Debian package python3-pyqt5	metadata=/usr/lib/python3/dist-packages/PyQt5-5.15.11.dist-info
PyQt5_sip	12.17.0	/usr/bin/python3	/usr/lib/python3/dist-packages	apt-managed-python	python3-pyqt5.sip		Install Debian package python3-pyqt5.sip	metadata=/usr/lib/python3/dist-packages/PyQt5_sip-12.17.0.dist-info
PyQt6	6.9.0	/usr/bin/python3	/usr/lib/python3/dist-packages	apt-managed-python	python3-pyqt6		Install Debian package python3-pyqt6	metadata=/usr/lib/python3/dist-packages/PyQt6-6.9.0.dist-info
PyQt6_sip	13.10.0	/usr/bin/python3	/usr/lib/python3/dist-packages	apt-managed-python	python3-pyqt6.sip		Install Debian package python3-pyqt6.sip	metadata=/usr/lib/python3/dist-packages/PyQt6_sip-13.10.0.dist-info
PySDL2	0.9.17	/usr/bin/python3	/usr/lib/python3/dist-packages	apt-managed-python	python3-sdl2		Install Debian package python3-sdl2	metadata=/usr/lib/python3/dist-packages/PySDL2-0.9.17.egg-info
pyserial	3.5	/usr/bin/python3	/usr/lib/python3/dist-packages	apt-managed-python	python3-serial		Install Debian package python3-serial	metadata=/usr/lib/python3/dist-packages/pyserial-3.5.egg-info
pysmbc	1.0.25.1	/usr/bin/python3	/usr/lib/python3/dist-packages	apt-managed-python	python3-smbc		Install Debian package python3-smbc	metadata=/usr/lib/python3/dist-packages/pysmbc-1.0.25.1.egg-info
python-apt	3.0.0	/usr/bin/python3	/usr/lib/python3/dist-packages	apt-managed-python	python3-apt		Install Debian package python3-apt	metadata=/usr/lib/python3/dist-packages/python_apt-3.0.0.egg-info
python-dateutil	2.9.0	/usr/bin/python3	/usr/lib/python3/dist-packages	apt-managed-python	python3-dateutil		Install Debian package python3-dateutil	metadata=/usr/lib/python3/dist-packages/python_dateutil-2.9.0.dist-info
python-dotenv	1.0.1	/usr/bin/python3	/usr/lib/python3/dist-packages	apt-managed-python	python3-dotenv		Install Debian package python3-dotenv	metadata=/usr/lib/python3/dist-packages/python_dotenv-1.0.1.egg-info
python-libdiscid	2.0.3	/usr/bin/python3	/usr/lib/python3/dist-packages	apt-managed-python	python3-libdiscid		Install Debian package python3-libdiscid	metadata=/usr/lib/python3/dist-packages/python_libdiscid-2.0.3.egg-info
python-prctl	1.8.1	/usr/bin/python3	/usr/lib/python3/dist-packages	apt-managed-python	python3-prctl		Install Debian package python3-prctl	metadata=/usr/lib/python3/dist-packages/python_prctl-1.8.1.egg-info
python-uinput	1.0.1	/usr/bin/python3	/usr/lib/python3/dist-packages	apt-managed-python	python3-uinput		Install Debian package python3-uinput	metadata=/usr/lib/python3/dist-packages/python_uinput-1.0.1.dist-info
python-vlc	3.0.21203	/usr/bin/python3	/usr/lib/python3/dist-packages	apt-managed-python	python3-vlc		Install Debian package python3-vlc	metadata=/usr/lib/python3/dist-packages/python_vlc-3.0.21203.dist-info
pyudev	0.24.3	/usr/bin/python3	/usr/lib/python3/dist-packages	apt-managed-python	python3-pyudev		Install Debian package python3-pyudev	metadata=/usr/lib/python3/dist-packages/pyudev-0.24.3.egg-info
PyYAML	6.0.2	/usr/bin/python3	/usr/lib/python3/dist-packages	apt-managed-python	python3-yaml		Install Debian package python3-yaml	metadata=/usr/lib/python3/dist-packages/PyYAML-6.0.2.dist-info
referencing	0.36.2	/usr/bin/python3	/usr/lib/python3/dist-packages	apt-managed-python	python3-referencing		Install Debian package python3-referencing	metadata=/usr/lib/python3/dist-packages/referencing-0.36.2.dist-info
reportlab	4.3.1	/usr/bin/python3	/usr/lib/python3/dist-packages	apt-managed-python	python3-reportlab		Install Debian package python3-reportlab	metadata=/usr/lib/python3/dist-packages/reportlab-4.3.1.egg-info
requests	2.32.3	/usr/bin/python3	/usr/lib/python3/dist-packages	apt-managed-python	python3-requests		Install Debian package python3-requests	metadata=/usr/lib/python3/dist-packages/requests-2.32.3.dist-info
rfc3339-validator	0.1.4	/usr/bin/python3	/usr/lib/python3/dist-packages	apt-managed-python	python3-rfc3339-validator		Install Debian package python3-rfc3339-validator	metadata=/usr/lib/python3/dist-packages/rfc3339_validator-0.1.4.egg-info
rfc3986-validator	0.1.1	/usr/bin/python3	/usr/lib/python3/dist-packages	apt-managed-python	python3-rfc3986-validator		Install Debian package python3-rfc3986-validator	metadata=/usr/lib/python3/dist-packages/rfc3986_validator-0.1.1.egg-info
rfc3987	1.3.8	/usr/bin/python3	/usr/lib/python3/dist-packages	apt-managed-python	python3-rfc3987		Install Debian package python3-rfc3987	metadata=/usr/lib/python3/dist-packages/rfc3987-1.3.8.egg-info
rich	13.9.4	/usr/bin/python3	/usr/lib/python3/dist-packages	apt-managed-python	python3-rich		Install Debian package python3-rich	metadata=/usr/lib/python3/dist-packages/rich-13.9.4.dist-info
rlPyCairo	0.3.0	/usr/bin/python3	/usr/lib/python3/dist-packages	apt-managed-python	python3-rlpycairo		Install Debian package python3-rlpycairo	metadata=/usr/lib/python3/dist-packages/rlPyCairo-0.3.0.egg-info
roman	5.0	/usr/bin/python3	/usr/lib/python3/dist-packages	apt-managed-python	python3-roman		Install Debian package python3-roman	metadata=/usr/lib/python3/dist-packages/roman-5.0.dist-info
rpds-py	0.21.0	/usr/bin/python3	/usr/lib/python3/dist-packages	apt-managed-python	python3-rpds-py		Install Debian package python3-rpds-py	metadata=/usr/lib/python3/dist-packages/rpds_py-0.21.0.dist-info
rpi-keyboard-config	1.0	/usr/bin/python3	/usr/lib/python3/dist-packages	apt-managed-python	rpi-keyboard-config		Install Debian package rpi-keyboard-config	metadata=/usr/lib/python3/dist-packages/rpi_keyboard_config-1.0.egg-info
rpi-lgpio	0.6	/usr/bin/python3	/usr/lib/python3/dist-packages	apt-managed-python	python3-rpi-lgpio		Install Debian package python3-rpi-lgpio	metadata=/usr/lib/python3/dist-packages/rpi_lgpio-0.6.egg-info
RTIMULib	7.2.1	/usr/bin/python3	/usr/lib/python3/dist-packages	apt-managed-python	python3-rtimulib		Install Debian package python3-rtimulib	metadata=/usr/lib/python3/dist-packages/RTIMULib-7.2.1.egg-info
Send2Trash	1.8.3	/usr/bin/python3	/usr/lib/python3/dist-packages	apt-managed-python	python3-send2trash		Install Debian package python3-send2trash	metadata=/usr/lib/python3/dist-packages/Send2Trash-1.8.3.dist-info
sense-hat	2.6.1	/usr/bin/python3	/usr/lib/python3/dist-packages	apt-managed-python	python3-sense-hat		Install Debian package python3-sense-hat	metadata=/usr/lib/python3/dist-packages/sense_hat-2.6.1.egg-info
setuptools	78.1.1	/usr/bin/python3	/usr/lib/python3/dist-packages	apt-managed-python	python3-setuptools		Install Debian package python3-setuptools	metadata=/usr/lib/python3/dist-packages/setuptools-78.1.1.egg-info
simplejpeg	1.8.1	/usr/bin/python3	/usr/lib/python3/dist-packages	apt-managed-python	python3-simplejpeg		Install Debian package python3-simplejpeg	metadata=/usr/lib/python3/dist-packages/simplejpeg-1.8.1.egg-info
smbus	1.1	/usr/bin/python3	/usr/lib/python3/dist-packages	apt-managed-python	python3-smbus:arm64		Install Debian package python3-smbus:arm64	metadata=/usr/lib/python3/dist-packages/smbus-1.1.egg-info
smbus2	0.4.3	/usr/bin/python3	/usr/lib/python3/dist-packages	apt-managed-python	python3-smbus2		Install Debian package python3-smbus2	metadata=/usr/lib/python3/dist-packages/smbus2-0.4.3.egg-info
soupsieve	2.7	/usr/bin/python3	/usr/lib/python3/dist-packages	apt-managed-python	python3-soupsieve		Install Debian package python3-soupsieve	metadata=/usr/lib/python3/dist-packages/soupsieve-2.7.dist-info
spidev	3.6	/usr/bin/python3	/usr/lib/python3/dist-packages	apt-managed-python	python3-spidev		Install Debian package python3-spidev	metadata=/usr/lib/python3/dist-packages/spidev-3.6.egg-info
ssh-import-id	5.10	/usr/bin/python3	/usr/lib/python3/dist-packages	apt-managed-python	ssh-import-id		Install Debian package ssh-import-id	metadata=/usr/lib/python3/dist-packages/ssh_import_id-5.10.egg-info
thonny	4.1.7	/usr/bin/python3	/usr/lib/python3/dist-packages	apt-managed-python	thonny		Install Debian package thonny	metadata=/usr/lib/python3/dist-packages/thonny-4.1.7.egg-info
tomlkit	0.13.2	/usr/bin/python3	/usr/lib/python3/dist-packages	apt-managed-python	python3-tomlkit		Install Debian package python3-tomlkit	metadata=/usr/lib/python3/dist-packages/tomlkit-0.13.2.dist-info
tqdm	4.67.1	/usr/bin/python3	/usr/lib/python3/dist-packages	apt-managed-python	python3-tqdm		Install Debian package python3-tqdm	metadata=/usr/lib/python3/dist-packages/tqdm-4.67.1.dist-info
typeguard	4.4.2	/usr/bin/python3	/usr/lib/python3/dist-packages	apt-managed-python	python3-typeguard		Install Debian package python3-typeguard	metadata=/usr/lib/python3/dist-packages/typeguard-4.4.2.dist-info
types-aiofiles	24.1	/usr/bin/python3	/usr/lib/python3/dist-packages	apt-managed-python	python3-typeshed		Install Debian package python3-typeshed	metadata=/usr/lib/python3/dist-packages/types_aiofiles-24.1.dist-info
types-antlr4-python3-runtime	4.13	/usr/bin/python3	/usr/lib/python3/dist-packages	apt-managed-python	python3-typeshed		Install Debian package python3-typeshed	metadata=/usr/lib/python3/dist-packages/types_antlr4_python3_runtime-4.13.dist-info
types-assertpy	1.1	/usr/bin/python3	/usr/lib/python3/dist-packages	apt-managed-python	python3-typeshed		Install Debian package python3-typeshed	metadata=/usr/lib/python3/dist-packages/types_assertpy-1.1.dist-info
types-atheris	2.3	/usr/bin/python3	/usr/lib/python3/dist-packages	apt-managed-python	python3-typeshed		Install Debian package python3-typeshed	metadata=/usr/lib/python3/dist-packages/types_atheris-2.3.dist-info
types-aws-xray-sdk	2.14	/usr/bin/python3	/usr/lib/python3/dist-packages	apt-managed-python	python3-typeshed		Install Debian package python3-typeshed	metadata=/usr/lib/python3/dist-packages/types_aws_xray_sdk-2.14.dist-info
types-beautifulsoup4	4.12	/usr/bin/python3	/usr/lib/python3/dist-packages	apt-managed-python	python3-typeshed		Install Debian package python3-typeshed	metadata=/usr/lib/python3/dist-packages/types_beautifulsoup4-4.12.dist-info
types-bleach	6.2	/usr/bin/python3	/usr/lib/python3/dist-packages	apt-managed-python	python3-typeshed		Install Debian package python3-typeshed	metadata=/usr/lib/python3/dist-packages/types_bleach-6.2.dist-info
types-boltons	24.1	/usr/bin/python3	/usr/lib/python3/dist-packages	apt-managed-python	python3-typeshed		Install Debian package python3-typeshed	metadata=/usr/lib/python3/dist-packages/types_boltons-24.1.dist-info
types-braintree	4.31	/usr/bin/python3	/usr/lib/python3/dist-packages	apt-managed-python	python3-typeshed		Install Debian package python3-typeshed	metadata=/usr/lib/python3/dist-packages/types_braintree-4.31.dist-info
types-cachetools	5.5	/usr/bin/python3	/usr/lib/python3/dist-packages	apt-managed-python	python3-typeshed		Install Debian package python3-typeshed	metadata=/usr/lib/python3/dist-packages/types_cachetools-5.5.dist-info
types-caldav	1.3	/usr/bin/python3	/usr/lib/python3/dist-packages	apt-managed-python	python3-typeshed		Install Debian package python3-typeshed	metadata=/usr/lib/python3/dist-packages/types_caldav-1.3.dist-info
types-capturer	3.0	/usr/bin/python3	/usr/lib/python3/dist-packages	apt-managed-python	python3-typeshed		Install Debian package python3-typeshed	metadata=/usr/lib/python3/dist-packages/types_capturer-3.0.dist-info
types-cffi	1.16	/usr/bin/python3	/usr/lib/python3/dist-packages	apt-managed-python	python3-typeshed		Install Debian package python3-typeshed	metadata=/usr/lib/python3/dist-packages/types_cffi-1.16.dist-info
types-chevron	0.14	/usr/bin/python3	/usr/lib/python3/dist-packages	apt-managed-python	python3-typeshed		Install Debian package python3-typeshed	metadata=/usr/lib/python3/dist-packages/types_chevron-0.14.dist-info
types-click-default-group	1.2	/usr/bin/python3	/usr/lib/python3/dist-packages	apt-managed-python	python3-typeshed		Install Debian package python3-typeshed	metadata=/usr/lib/python3/dist-packages/types_click_default_group-1.2.dist-info
types-click-spinner	0.1	/usr/bin/python3	/usr/lib/python3/dist-packages	apt-managed-python	python3-typeshed		Install Debian package python3-typeshed	metadata=/usr/lib/python3/dist-packages/types_click_spinner-0.1.dist-info
types-colorama	0.4	/usr/bin/python3	/usr/lib/python3/dist-packages	apt-managed-python	python3-typeshed		Install Debian package python3-typeshed	metadata=/usr/lib/python3/dist-packages/types_colorama-0.4.dist-info
types-commonmark	0.9	/usr/bin/python3	/usr/lib/python3/dist-packages	apt-managed-python	python3-typeshed		Install Debian package python3-typeshed	metadata=/usr/lib/python3/dist-packages/types_commonmark-0.9.dist-info
types-console-menu	0.8	/usr/bin/python3	/usr/lib/python3/dist-packages	apt-managed-python	python3-typeshed		Install Debian package python3-typeshed	metadata=/usr/lib/python3/dist-packages/types_console_menu-0.8.dist-info
types-corus	0.10	/usr/bin/python3	/usr/lib/python3/dist-packages	apt-managed-python	python3-typeshed		Install Debian package python3-typeshed	metadata=/usr/lib/python3/dist-packages/types_corus-0.10.dist-info
types-croniter	5.0.1	/usr/bin/python3	/usr/lib/python3/dist-packages	apt-managed-python	python3-typeshed		Install Debian package python3-typeshed	metadata=/usr/lib/python3/dist-packages/types_croniter-5.0.1.dist-info
types-dateparser	1.2	/usr/bin/python3	/usr/lib/python3/dist-packages	apt-managed-python	python3-typeshed		Install Debian package python3-typeshed	metadata=/usr/lib/python3/dist-packages/types_dateparser-1.2.dist-info
types-decorator	5.1	/usr/bin/python3	/usr/lib/python3/dist-packages	apt-managed-python	python3-typeshed		Install Debian package python3-typeshed	metadata=/usr/lib/python3/dist-packages/types_decorator-5.1.dist-info
types-defusedxml	0.7	/usr/bin/python3	/usr/lib/python3/dist-packages	apt-managed-python	python3-typeshed		Install Debian package python3-typeshed	metadata=/usr/lib/python3/dist-packages/types_defusedxml-0.7.dist-info
types-Deprecated	1.2.15	/usr/bin/python3	/usr/lib/python3/dist-packages	apt-managed-python	python3-typeshed		Install Debian package python3-typeshed	metadata=/usr/lib/python3/dist-packages/types_Deprecated-1.2.15.dist-info
types-docker	7.1	/usr/bin/python3	/usr/lib/python3/dist-packages	apt-managed-python	python3-typeshed		Install Debian package python3-typeshed	metadata=/usr/lib/python3/dist-packages/types_docker-7.1.dist-info
types-dockerfile-parse	2.0	/usr/bin/python3	/usr/lib/python3/dist-packages	apt-managed-python	python3-typeshed		Install Debian package python3-typeshed	metadata=/usr/lib/python3/dist-packages/types_dockerfile_parse-2.0.dist-info
types-docutils	0.21	/usr/bin/python3	/usr/lib/python3/dist-packages	apt-managed-python	python3-typeshed		Install Debian package python3-typeshed	metadata=/usr/lib/python3/dist-packages/types_docutils-0.21.dist-info
types-editdistance	0.8	/usr/bin/python3	/usr/lib/python3/dist-packages	apt-managed-python	python3-typeshed		Install Debian package python3-typeshed	metadata=/usr/lib/python3/dist-packages/types_editdistance-0.8.dist-info
types-entrypoints	0.4	/usr/bin/python3	/usr/lib/python3/dist-packages	apt-managed-python	python3-typeshed		Install Debian package python3-typeshed	metadata=/usr/lib/python3/dist-packages/types_entrypoints-0.4.dist-info
types-ExifRead	3.0	/usr/bin/python3	/usr/lib/python3/dist-packages	apt-managed-python	python3-typeshed		Install Debian package python3-typeshed	metadata=/usr/lib/python3/dist-packages/types_ExifRead-3.0.dist-info
types-fanstatic	1.4	/usr/bin/python3	/usr/lib/python3/dist-packages	apt-managed-python	python3-typeshed		Install Debian package python3-typeshed	metadata=/usr/lib/python3/dist-packages/types_fanstatic-1.4.dist-info
types-first	2.0	/usr/bin/python3	/usr/lib/python3/dist-packages	apt-managed-python	python3-typeshed		Install Debian package python3-typeshed	metadata=/usr/lib/python3/dist-packages/types_first-2.0.dist-info
types-flake8	7.1	/usr/bin/python3	/usr/lib/python3/dist-packages	apt-managed-python	python3-typeshed		Install Debian package python3-typeshed	metadata=/usr/lib/python3/dist-packages/types_flake8-7.1.dist-info
types-flake8-bugbear	24.12.12	/usr/bin/python3	/usr/lib/python3/dist-packages	apt-managed-python	python3-typeshed		Install Debian package python3-typeshed	metadata=/usr/lib/python3/dist-packages/types_flake8_bugbear-24.12.12.dist-info
types-flake8-builtins	2.5	/usr/bin/python3	/usr/lib/python3/dist-packages	apt-managed-python	python3-typeshed		Install Debian package python3-typeshed	metadata=/usr/lib/python3/dist-packages/types_flake8_builtins-2.5.dist-info
types-flake8-docstrings	1.7	/usr/bin/python3	/usr/lib/python3/dist-packages	apt-managed-python	python3-typeshed		Install Debian package python3-typeshed	metadata=/usr/lib/python3/dist-packages/types_flake8_docstrings-1.7.dist-info
types-flake8-rst-docstrings	0.3	/usr/bin/python3	/usr/lib/python3/dist-packages	apt-managed-python	python3-typeshed		Install Debian package python3-typeshed	metadata=/usr/lib/python3/dist-packages/types_flake8_rst_docstrings-0.3.dist-info
types-flake8-simplify	0.21	/usr/bin/python3	/usr/lib/python3/dist-packages	apt-managed-python	python3-typeshed		Install Debian package python3-typeshed	metadata=/usr/lib/python3/dist-packages/types_flake8_simplify-0.21.dist-info
types-flake8-typing-imports	1.16	/usr/bin/python3	/usr/lib/python3/dist-packages	apt-managed-python	python3-typeshed		Install Debian package python3-typeshed	metadata=/usr/lib/python3/dist-packages/types_flake8_typing_imports-1.16.dist-info
types-Flask-Cors	5.0	/usr/bin/python3	/usr/lib/python3/dist-packages	apt-managed-python	python3-typeshed		Install Debian package python3-typeshed	metadata=/usr/lib/python3/dist-packages/types_Flask_Cors-5.0.dist-info
types-Flask-Migrate	4.0	/usr/bin/python3	/usr/lib/python3/dist-packages	apt-managed-python	python3-typeshed		Install Debian package python3-typeshed	metadata=/usr/lib/python3/dist-packages/types_Flask_Migrate-4.0.dist-info
types-Flask-SocketIO	5.4	/usr/bin/python3	/usr/lib/python3/dist-packages	apt-managed-python	python3-typeshed		Install Debian package python3-typeshed	metadata=/usr/lib/python3/dist-packages/types_Flask_SocketIO-5.4.dist-info
types-fpdf2	2.8.2	/usr/bin/python3	/usr/lib/python3/dist-packages	apt-managed-python	python3-typeshed		Install Debian package python3-typeshed	metadata=/usr/lib/python3/dist-packages/types_fpdf2-2.8.2.dist-info
types-gdb	15.0	/usr/bin/python3	/usr/lib/python3/dist-packages	apt-managed-python	python3-typeshed		Install Debian package python3-typeshed	metadata=/usr/lib/python3/dist-packages/types_gdb-15.0.dist-info
types-gevent	24.11	/usr/bin/python3	/usr/lib/python3/dist-packages	apt-managed-python	python3-typeshed		Install Debian package python3-typeshed	metadata=/usr/lib/python3/dist-packages/types_gevent-24.11.dist-info
types-google-cloud-ndb	2.3	/usr/bin/python3	/usr/lib/python3/dist-packages	apt-managed-python	python3-typeshed		Install Debian package python3-typeshed	metadata=/usr/lib/python3/dist-packages/types_google_cloud_ndb-2.3.dist-info
types-greenlet	3.1	/usr/bin/python3	/usr/lib/python3/dist-packages	apt-managed-python	python3-typeshed		Install Debian package python3-typeshed	metadata=/usr/lib/python3/dist-packages/types_greenlet-3.1.dist-info
types-hdbcli	2.23	/usr/bin/python3	/usr/lib/python3/dist-packages	apt-managed-python	python3-typeshed		Install Debian package python3-typeshed	metadata=/usr/lib/python3/dist-packages/types_hdbcli-2.23.dist-info
types-html5lib	1.1	/usr/bin/python3	/usr/lib/python3/dist-packages	apt-managed-python	python3-typeshed		Install Debian package python3-typeshed	metadata=/usr/lib/python3/dist-packages/types_html5lib-1.1.dist-info
types-httplib2	0.22	/usr/bin/python3	/usr/lib/python3/dist-packages	apt-managed-python	python3-typeshed		Install Debian package python3-typeshed	metadata=/usr/lib/python3/dist-packages/types_httplib2-0.22.dist-info
types-humanfriendly	10.0	/usr/bin/python3	/usr/lib/python3/dist-packages	apt-managed-python	python3-typeshed		Install Debian package python3-typeshed	metadata=/usr/lib/python3/dist-packages/types_humanfriendly-10.0.dist-info
types-hvac	2.3	/usr/bin/python3	/usr/lib/python3/dist-packages	apt-managed-python	python3-typeshed		Install Debian package python3-typeshed	metadata=/usr/lib/python3/dist-packages/types_hvac-2.3.dist-info
types-ibm-db	3.2.4	/usr/bin/python3	/usr/lib/python3/dist-packages	apt-managed-python	python3-typeshed		Install Debian package python3-typeshed	metadata=/usr/lib/python3/dist-packages/types_ibm_db-3.2.4.dist-info
types-icalendar	6.1	/usr/bin/python3	/usr/lib/python3/dist-packages	apt-managed-python	python3-typeshed		Install Debian package python3-typeshed	metadata=/usr/lib/python3/dist-packages/types_icalendar-6.1.dist-info
types-influxdb-client	1.45	/usr/bin/python3	/usr/lib/python3/dist-packages	apt-managed-python	python3-typeshed		Install Debian package python3-typeshed	metadata=/usr/lib/python3/dist-packages/types_influxdb_client-1.45.dist-info
types-inifile	0.4	/usr/bin/python3	/usr/lib/python3/dist-packages	apt-managed-python	python3-typeshed		Install Debian package python3-typeshed	metadata=/usr/lib/python3/dist-packages/types_inifile-0.4.dist-info
types-JACK-Client	0.5	/usr/bin/python3	/usr/lib/python3/dist-packages	apt-managed-python	python3-typeshed		Install Debian package python3-typeshed	metadata=/usr/lib/python3/dist-packages/types_JACK_Client-0.5.dist-info
types-Jetson.GPIO	2.1	/usr/bin/python3	/usr/lib/python3/dist-packages	apt-managed-python	python3-typeshed		Install Debian package python3-typeshed	metadata=/usr/lib/python3/dist-packages/types_Jetson.GPIO-2.1.dist-info
types-jmespath	1.0	/usr/bin/python3	/usr/lib/python3/dist-packages	apt-managed-python	python3-typeshed		Install Debian package python3-typeshed	metadata=/usr/lib/python3/dist-packages/types_jmespath-1.0.dist-info
types-jsonschema	4.23	/usr/bin/python3	/usr/lib/python3/dist-packages	apt-managed-python	python3-typeshed		Install Debian package python3-typeshed	metadata=/usr/lib/python3/dist-packages/types_jsonschema-4.23.dist-info
types-jwcrypto	1.5	/usr/bin/python3	/usr/lib/python3/dist-packages	apt-managed-python	python3-typeshed		Install Debian package python3-typeshed	metadata=/usr/lib/python3/dist-packages/types_jwcrypto-1.5.dist-info
types-keyboard	0.13	/usr/bin/python3	/usr/lib/python3/dist-packages	apt-managed-python	python3-typeshed		Install Debian package python3-typeshed	metadata=/usr/lib/python3/dist-packages/types_keyboard-0.13.dist-info
types-ldap3	2.9	/usr/bin/python3	/usr/lib/python3/dist-packages	apt-managed-python	python3-typeshed		Install Debian package python3-typeshed	metadata=/usr/lib/python3/dist-packages/types_ldap3-2.9.dist-info
types-libsass	0.23	/usr/bin/python3	/usr/lib/python3/dist-packages	apt-managed-python	python3-typeshed		Install Debian package python3-typeshed	metadata=/usr/lib/python3/dist-packages/types_libsass-0.23.dist-info
types-lupa	2.2	/usr/bin/python3	/usr/lib/python3/dist-packages	apt-managed-python	python3-typeshed		Install Debian package python3-typeshed	metadata=/usr/lib/python3/dist-packages/types_lupa-2.2.dist-info
types-lzstring	1.0	/usr/bin/python3	/usr/lib/python3/dist-packages	apt-managed-python	python3-typeshed		Install Debian package python3-typeshed	metadata=/usr/lib/python3/dist-packages/types_lzstring-1.0.dist-info
types-m3u8	6.0	/usr/bin/python3	/usr/lib/python3/dist-packages	apt-managed-python	python3-typeshed		Install Debian package python3-typeshed	metadata=/usr/lib/python3/dist-packages/types_m3u8-6.0.dist-info
types-Markdown	3.7	/usr/bin/python3	/usr/lib/python3/dist-packages	apt-managed-python	python3-typeshed		Install Debian package python3-typeshed	metadata=/usr/lib/python3/dist-packages/types_Markdown-3.7.dist-info
types-mock	5.1	/usr/bin/python3	/usr/lib/python3/dist-packages	apt-managed-python	python3-typeshed		Install Debian package python3-typeshed	metadata=/usr/lib/python3/dist-packages/types_mock-5.1.dist-info
types-mypy-extensions	1.0	/usr/bin/python3	/usr/lib/python3/dist-packages	apt-managed-python	python3-typeshed		Install Debian package python3-typeshed	metadata=/usr/lib/python3/dist-packages/types_mypy_extensions-1.0.dist-info
types-mysqlclient	2.2	/usr/bin/python3	/usr/lib/python3/dist-packages	apt-managed-python	python3-typeshed		Install Debian package python3-typeshed	metadata=/usr/lib/python3/dist-packages/types_mysqlclient-2.2.dist-info
types-nanoid	2.0.0	/usr/bin/python3	/usr/lib/python3/dist-packages	apt-managed-python	python3-typeshed		Install Debian package python3-typeshed	metadata=/usr/lib/python3/dist-packages/types_nanoid-2.0.0.dist-info
types-netaddr	1.3	/usr/bin/python3	/usr/lib/python3/dist-packages	apt-managed-python	python3-typeshed		Install Debian package python3-typeshed	metadata=/usr/lib/python3/dist-packages/types_netaddr-1.3.dist-info
types-netifaces	0.11	/usr/bin/python3	/usr/lib/python3/dist-packages	apt-managed-python	python3-typeshed		Install Debian package python3-typeshed	metadata=/usr/lib/python3/dist-packages/types_netifaces-0.11.dist-info
types-networkx	3.4.2	/usr/bin/python3	/usr/lib/python3/dist-packages	apt-managed-python	python3-typeshed		Install Debian package python3-typeshed	metadata=/usr/lib/python3/dist-packages/types_networkx-3.4.2.dist-info
types-oauthlib	3.2	/usr/bin/python3	/usr/lib/python3/dist-packages	apt-managed-python	python3-typeshed		Install Debian package python3-typeshed	metadata=/usr/lib/python3/dist-packages/types_oauthlib-3.2.dist-info
types-objgraph	3.6	/usr/bin/python3	/usr/lib/python3/dist-packages	apt-managed-python	python3-typeshed		Install Debian package python3-typeshed	metadata=/usr/lib/python3/dist-packages/types_objgraph-3.6.dist-info
types-olefile	0.47	/usr/bin/python3	/usr/lib/python3/dist-packages	apt-managed-python	python3-typeshed		Install Debian package python3-typeshed	metadata=/usr/lib/python3/dist-packages/types_olefile-0.47.dist-info
types-openpyxl	3.1.5	/usr/bin/python3	/usr/lib/python3/dist-packages	apt-managed-python	python3-typeshed		Install Debian package python3-typeshed	metadata=/usr/lib/python3/dist-packages/types_openpyxl-3.1.5.dist-info
types-opentracing	2.4	/usr/bin/python3	/usr/lib/python3/dist-packages	apt-managed-python	python3-typeshed		Install Debian package python3-typeshed	metadata=/usr/lib/python3/dist-packages/types_opentracing-2.4.dist-info
types-paramiko	3.5	/usr/bin/python3	/usr/lib/python3/dist-packages	apt-managed-python	python3-typeshed		Install Debian package python3-typeshed	metadata=/usr/lib/python3/dist-packages/types_paramiko-3.5.dist-info
types-parsimonious	0.10	/usr/bin/python3	/usr/lib/python3/dist-packages	apt-managed-python	python3-typeshed		Install Debian package python3-typeshed	metadata=/usr/lib/python3/dist-packages/types_parsimonious-0.10.dist-info
types-passlib	1.7	/usr/bin/python3	/usr/lib/python3/dist-packages	apt-managed-python	python3-typeshed		Install Debian package python3-typeshed	metadata=/usr/lib/python3/dist-packages/types_passlib-1.7.dist-info
types-passpy	1.0	/usr/bin/python3	/usr/lib/python3/dist-packages	apt-managed-python	python3-typeshed		Install Debian package python3-typeshed	metadata=/usr/lib/python3/dist-packages/types_passpy-1.0.dist-info
types-peewee	3.17.8	/usr/bin/python3	/usr/lib/python3/dist-packages	apt-managed-python	python3-typeshed		Install Debian package python3-typeshed	metadata=/usr/lib/python3/dist-packages/types_peewee-3.17.8.dist-info
types-pep8-naming	0.14	/usr/bin/python3	/usr/lib/python3/dist-packages	apt-managed-python	python3-typeshed		Install Debian package python3-typeshed	metadata=/usr/lib/python3/dist-packages/types_pep8_naming-0.14.dist-info
types-pexpect	4.9	/usr/bin/python3	/usr/lib/python3/dist-packages	apt-managed-python	python3-typeshed		Install Debian package python3-typeshed	metadata=/usr/lib/python3/dist-packages/types_pexpect-4.9.dist-info
types-pika-ts	1.3	/usr/bin/python3	/usr/lib/python3/dist-packages	apt-managed-python	python3-typeshed		Install Debian package python3-typeshed	metadata=/usr/lib/python3/dist-packages/types_pika_ts-1.3.dist-info
types-polib	1.2	/usr/bin/python3	/usr/lib/python3/dist-packages	apt-managed-python	python3-typeshed		Install Debian package python3-typeshed	metadata=/usr/lib/python3/dist-packages/types_polib-1.2.dist-info
types-portpicker	1.6	/usr/bin/python3	/usr/lib/python3/dist-packages	apt-managed-python	python3-typeshed		Install Debian package python3-typeshed	metadata=/usr/lib/python3/dist-packages/types_portpicker-1.6.dist-info
types-protobuf	5.29.1	/usr/bin/python3	/usr/lib/python3/dist-packages	apt-managed-python	python3-typeshed		Install Debian package python3-typeshed	metadata=/usr/lib/python3/dist-packages/types_protobuf-5.29.1.dist-info
types-psutil	6.1	/usr/bin/python3	/usr/lib/python3/dist-packages	apt-managed-python	python3-typeshed		Install Debian package python3-typeshed	metadata=/usr/lib/python3/dist-packages/types_psutil-6.1.dist-info
types-psycopg2	2.9.10	/usr/bin/python3	/usr/lib/python3/dist-packages	apt-managed-python	python3-typeshed		Install Debian package python3-typeshed	metadata=/usr/lib/python3/dist-packages/types_psycopg2-2.9.10.dist-info
types-pyasn1	0.6	/usr/bin/python3	/usr/lib/python3/dist-packages	apt-managed-python	python3-typeshed		Install Debian package python3-typeshed	metadata=/usr/lib/python3/dist-packages/types_pyasn1-0.6.dist-info
types-pyaudio	0.2	/usr/bin/python3	/usr/lib/python3/dist-packages	apt-managed-python	python3-typeshed		Install Debian package python3-typeshed	metadata=/usr/lib/python3/dist-packages/types_pyaudio-0.2.dist-info
types-PyAutoGUI	0.9	/usr/bin/python3	/usr/lib/python3/dist-packages	apt-managed-python	python3-typeshed		Install Debian package python3-typeshed	metadata=/usr/lib/python3/dist-packages/types_PyAutoGUI-0.9.dist-info
types-pycocotools	2.0	/usr/bin/python3	/usr/lib/python3/dist-packages	apt-managed-python	python3-typeshed		Install Debian package python3-typeshed	metadata=/usr/lib/python3/dist-packages/types_pycocotools-2.0.dist-info
types-pycurl	7.45.4	/usr/bin/python3	/usr/lib/python3/dist-packages	apt-managed-python	python3-typeshed		Install Debian package python3-typeshed	metadata=/usr/lib/python3/dist-packages/types_pycurl-7.45.4.dist-info
types-pyfarmhash	0.4	/usr/bin/python3	/usr/lib/python3/dist-packages	apt-managed-python	python3-typeshed		Install Debian package python3-typeshed	metadata=/usr/lib/python3/dist-packages/types_pyfarmhash-0.4.dist-info
types-pyflakes	3.2	/usr/bin/python3	/usr/lib/python3/dist-packages	apt-managed-python	python3-typeshed		Install Debian package python3-typeshed	metadata=/usr/lib/python3/dist-packages/types_pyflakes-3.2.dist-info
types-pygit2	1.15	/usr/bin/python3	/usr/lib/python3/dist-packages	apt-managed-python	python3-typeshed		Install Debian package python3-typeshed	metadata=/usr/lib/python3/dist-packages/types_pygit2-1.15.dist-info
types-Pygments	2.18	/usr/bin/python3	/usr/lib/python3/dist-packages	apt-managed-python	python3-typeshed		Install Debian package python3-typeshed	metadata=/usr/lib/python3/dist-packages/types_Pygments-2.18.dist-info
types-pyinstaller	6.11	/usr/bin/python3	/usr/lib/python3/dist-packages	apt-managed-python	python3-typeshed		Install Debian package python3-typeshed	metadata=/usr/lib/python3/dist-packages/types_pyinstaller-6.11.dist-info
types-pyjks	20.0	/usr/bin/python3	/usr/lib/python3/dist-packages	apt-managed-python	python3-typeshed		Install Debian package python3-typeshed	metadata=/usr/lib/python3/dist-packages/types_pyjks-20.0.dist-info
types-PyMySQL	1.1	/usr/bin/python3	/usr/lib/python3/dist-packages	apt-managed-python	python3-typeshed		Install Debian package python3-typeshed	metadata=/usr/lib/python3/dist-packages/types_PyMySQL-1.1.dist-info
types-pynput	1.7.7	/usr/bin/python3	/usr/lib/python3/dist-packages	apt-managed-python	python3-typeshed		Install Debian package python3-typeshed	metadata=/usr/lib/python3/dist-packages/types_pynput-1.7.7.dist-info
types-pyOpenSSL	24.1	/usr/bin/python3	/usr/lib/python3/dist-packages	apt-managed-python	python3-typeshed		Install Debian package python3-typeshed	metadata=/usr/lib/python3/dist-packages/types_pyOpenSSL-24.1.dist-info
types-pyRFC3339	2.0.1	/usr/bin/python3	/usr/lib/python3/dist-packages	apt-managed-python	python3-typeshed		Install Debian package python3-typeshed	metadata=/usr/lib/python3/dist-packages/types_pyRFC3339-2.0.1.dist-info
types-PyScreeze	1.0.1	/usr/bin/python3	/usr/lib/python3/dist-packages	apt-managed-python	python3-typeshed		Install Debian package python3-typeshed	metadata=/usr/lib/python3/dist-packages/types_PyScreeze-1.0.1.dist-info
types-pyserial	3.5	/usr/bin/python3	/usr/lib/python3/dist-packages	apt-managed-python	python3-typeshed		Install Debian package python3-typeshed	metadata=/usr/lib/python3/dist-packages/types_pyserial-3.5.dist-info
types-pysftp	0.2	/usr/bin/python3	/usr/lib/python3/dist-packages	apt-managed-python	python3-typeshed		Install Debian package python3-typeshed	metadata=/usr/lib/python3/dist-packages/types_pysftp-0.2.dist-info
types-pytest-lazy-fixture	0.6	/usr/bin/python3	/usr/lib/python3/dist-packages	apt-managed-python	python3-typeshed		Install Debian package python3-typeshed	metadata=/usr/lib/python3/dist-packages/types_pytest_lazy_fixture-0.6.dist-info
types-python-crontab	3.2	/usr/bin/python3	/usr/lib/python3/dist-packages	apt-managed-python	python3-typeshed		Install Debian package python3-typeshed	metadata=/usr/lib/python3/dist-packages/types_python_crontab-3.2.dist-info
types-python-datemath	3.0.1	/usr/bin/python3	/usr/lib/python3/dist-packages	apt-managed-python	python3-typeshed		Install Debian package python3-typeshed	metadata=/usr/lib/python3/dist-packages/types_python_datemath-3.0.1.dist-info
types-python-dateutil	2.9	/usr/bin/python3	/usr/lib/python3/dist-packages	apt-managed-python	python3-typeshed		Install Debian package python3-typeshed	metadata=/usr/lib/python3/dist-packages/types_python_dateutil-2.9.dist-info
types-python-http-client	3.3.7	/usr/bin/python3	/usr/lib/python3/dist-packages	apt-managed-python	python3-typeshed		Install Debian package python3-typeshed	metadata=/usr/lib/python3/dist-packages/types_python_http_client-3.3.7.dist-info
types-python-jenkins	1.8	/usr/bin/python3	/usr/lib/python3/dist-packages	apt-managed-python	python3-typeshed		Install Debian package python3-typeshed	metadata=/usr/lib/python3/dist-packages/types_python_jenkins-1.8.dist-info
types-python-jose	3.3	/usr/bin/python3	/usr/lib/python3/dist-packages	apt-managed-python	python3-typeshed		Install Debian package python3-typeshed	metadata=/usr/lib/python3/dist-packages/types_python_jose-3.3.dist-info
types-python-nmap	0.7	/usr/bin/python3	/usr/lib/python3/dist-packages	apt-managed-python	python3-typeshed		Install Debian package python3-typeshed	metadata=/usr/lib/python3/dist-packages/types_python_nmap-0.7.dist-info
types-python-xlib	0.33	/usr/bin/python3	/usr/lib/python3/dist-packages	apt-managed-python	python3-typeshed		Install Debian package python3-typeshed	metadata=/usr/lib/python3/dist-packages/types_python_xlib-0.33.dist-info
types-pytz	2024.2	/usr/bin/python3	/usr/lib/python3/dist-packages	apt-managed-python	python3-typeshed		Install Debian package python3-typeshed	metadata=/usr/lib/python3/dist-packages/types_pytz-2024.2.dist-info
types-pywin32	308	/usr/bin/python3	/usr/lib/python3/dist-packages	apt-managed-python	python3-typeshed		Install Debian package python3-typeshed	metadata=/usr/lib/python3/dist-packages/types_pywin32-308.dist-info
types-pyxdg	0.28	/usr/bin/python3	/usr/lib/python3/dist-packages	apt-managed-python	python3-typeshed		Install Debian package python3-typeshed	metadata=/usr/lib/python3/dist-packages/types_pyxdg-0.28.dist-info
types-PyYAML	6.0	/usr/bin/python3	/usr/lib/python3/dist-packages	apt-managed-python	python3-typeshed		Install Debian package python3-typeshed	metadata=/usr/lib/python3/dist-packages/types_PyYAML-6.0.dist-info
types-qrbill	1.1	/usr/bin/python3	/usr/lib/python3/dist-packages	apt-managed-python	python3-typeshed		Install Debian package python3-typeshed	metadata=/usr/lib/python3/dist-packages/types_qrbill-1.1.dist-info
types-qrcode	8.0	/usr/bin/python3	/usr/lib/python3/dist-packages	apt-managed-python	python3-typeshed		Install Debian package python3-typeshed	metadata=/usr/lib/python3/dist-packages/types_qrcode-8.0.dist-info
types-regex	2024.11.6	/usr/bin/python3	/usr/lib/python3/dist-packages	apt-managed-python	python3-typeshed		Install Debian package python3-typeshed	metadata=/usr/lib/python3/dist-packages/types_regex-2024.11.6.dist-info
types-reportlab	4.2.5	/usr/bin/python3	/usr/lib/python3/dist-packages	apt-managed-python	python3-typeshed		Install Debian package python3-typeshed	metadata=/usr/lib/python3/dist-packages/types_reportlab-4.2.5.dist-info
types-requests	2.32	/usr/bin/python3	/usr/lib/python3/dist-packages	apt-managed-python	python3-typeshed		Install Debian package python3-typeshed	metadata=/usr/lib/python3/dist-packages/types_requests-2.32.dist-info
types-requests-oauthlib	2.0	/usr/bin/python3	/usr/lib/python3/dist-packages	apt-managed-python	python3-typeshed		Install Debian package python3-typeshed	metadata=/usr/lib/python3/dist-packages/types_requests_oauthlib-2.0.dist-info
types-retry	0.9	/usr/bin/python3	/usr/lib/python3/dist-packages	apt-managed-python	python3-typeshed		Install Debian package python3-typeshed	metadata=/usr/lib/python3/dist-packages/types_retry-0.9.dist-info
types-RPi.GPIO	0.7	/usr/bin/python3	/usr/lib/python3/dist-packages	apt-managed-python	python3-typeshed		Install Debian package python3-typeshed	metadata=/usr/lib/python3/dist-packages/types_RPi.GPIO-0.7.dist-info
types-s2clientprotocol	5	/usr/bin/python3	/usr/lib/python3/dist-packages	apt-managed-python	python3-typeshed		Install Debian package python3-typeshed	metadata=/usr/lib/python3/dist-packages/types_s2clientprotocol-5.dist-info
types-seaborn	0.13.2	/usr/bin/python3	/usr/lib/python3/dist-packages	apt-managed-python	python3-typeshed		Install Debian package python3-typeshed	metadata=/usr/lib/python3/dist-packages/types_seaborn-0.13.2.dist-info
types-Send2Trash	1.8	/usr/bin/python3	/usr/lib/python3/dist-packages	apt-managed-python	python3-typeshed		Install Debian package python3-typeshed	metadata=/usr/lib/python3/dist-packages/types_Send2Trash-1.8.dist-info
types-setuptools	75.6	/usr/bin/python3	/usr/lib/python3/dist-packages	apt-managed-python	python3-typeshed		Install Debian package python3-typeshed	metadata=/usr/lib/python3/dist-packages/types_setuptools-75.6.dist-info
types-shapely	2.0	/usr/bin/python3	/usr/lib/python3/dist-packages	apt-managed-python	python3-typeshed		Install Debian package python3-typeshed	metadata=/usr/lib/python3/dist-packages/types_shapely-2.0.dist-info
types-simplejson	3.19	/usr/bin/python3	/usr/lib/python3/dist-packages	apt-managed-python	python3-typeshed		Install Debian package python3-typeshed	metadata=/usr/lib/python3/dist-packages/types_simplejson-3.19.dist-info
types-singledispatch	4.1	/usr/bin/python3	/usr/lib/python3/dist-packages	apt-managed-python	python3-typeshed		Install Debian package python3-typeshed	metadata=/usr/lib/python3/dist-packages/types_singledispatch-4.1.dist-info
types-six	1.17	/usr/bin/python3	/usr/lib/python3/dist-packages	apt-managed-python	python3-typeshed		Install Debian package python3-typeshed	metadata=/usr/lib/python3/dist-packages/types_six-1.17.dist-info
types-slumber	0.7	/usr/bin/python3	/usr/lib/python3/dist-packages	apt-managed-python	python3-typeshed		Install Debian package python3-typeshed	metadata=/usr/lib/python3/dist-packages/types_slumber-0.7.dist-info
types-str2bool	1.1	/usr/bin/python3	/usr/lib/python3/dist-packages	apt-managed-python	python3-typeshed		Install Debian package python3-typeshed	metadata=/usr/lib/python3/dist-packages/types_str2bool-1.1.dist-info
types-tabulate	0.9	/usr/bin/python3	/usr/lib/python3/dist-packages	apt-managed-python	python3-typeshed		Install Debian package python3-typeshed	metadata=/usr/lib/python3/dist-packages/types_tabulate-0.9.dist-info
types-tensorflow	2.18.0	/usr/bin/python3	/usr/lib/python3/dist-packages	apt-managed-python	python3-typeshed		Install Debian package python3-typeshed	metadata=/usr/lib/python3/dist-packages/types_tensorflow-2.18.0.dist-info
types-TgCrypto	1.2	/usr/bin/python3	/usr/lib/python3/dist-packages	apt-managed-python	python3-typeshed		Install Debian package python3-typeshed	metadata=/usr/lib/python3/dist-packages/types_TgCrypto-1.2.dist-info
types-toml	0.10	/usr/bin/python3	/usr/lib/python3/dist-packages	apt-managed-python	python3-typeshed		Install Debian package python3-typeshed	metadata=/usr/lib/python3/dist-packages/types_toml-0.10.dist-info
types-toposort	1.10	/usr/bin/python3	/usr/lib/python3/dist-packages	apt-managed-python	python3-typeshed		Install Debian package python3-typeshed	metadata=/usr/lib/python3/dist-packages/types_toposort-1.10.dist-info
types-tqdm	4.67	/usr/bin/python3	/usr/lib/python3/dist-packages	apt-managed-python	python3-typeshed		Install Debian package python3-typeshed	metadata=/usr/lib/python3/dist-packages/types_tqdm-4.67.dist-info
types-translationstring	1.4	/usr/bin/python3	/usr/lib/python3/dist-packages	apt-managed-python	python3-typeshed		Install Debian package python3-typeshed	metadata=/usr/lib/python3/dist-packages/types_translationstring-1.4.dist-info
types-tree-sitter-languages	1.10	/usr/bin/python3	/usr/lib/python3/dist-packages	apt-managed-python	python3-typeshed		Install Debian package python3-typeshed	metadata=/usr/lib/python3/dist-packages/types_tree_sitter_languages-1.10.dist-info
types-ttkthemes	3.2	/usr/bin/python3	/usr/lib/python3/dist-packages	apt-managed-python	python3-typeshed		Install Debian package python3-typeshed	metadata=/usr/lib/python3/dist-packages/types_ttkthemes-3.2.dist-info
types-ujson	5.10	/usr/bin/python3	/usr/lib/python3/dist-packages	apt-managed-python	python3-typeshed		Install Debian package python3-typeshed	metadata=/usr/lib/python3/dist-packages/types_ujson-5.10.dist-info
types-unidiff	0.7	/usr/bin/python3	/usr/lib/python3/dist-packages	apt-managed-python	python3-typeshed		Install Debian package python3-typeshed	metadata=/usr/lib/python3/dist-packages/types_unidiff-0.7.dist-info
types-untangle	1.2	/usr/bin/python3	/usr/lib/python3/dist-packages	apt-managed-python	python3-typeshed		Install Debian package python3-typeshed	metadata=/usr/lib/python3/dist-packages/types_untangle-1.2.dist-info
types-usersettings	1.1	/usr/bin/python3	/usr/lib/python3/dist-packages	apt-managed-python	python3-typeshed		Install Debian package python3-typeshed	metadata=/usr/lib/python3/dist-packages/types_usersettings-1.1.dist-info
types-uWSGI	2.0	/usr/bin/python3	/usr/lib/python3/dist-packages	apt-managed-python	python3-typeshed		Install Debian package python3-typeshed	metadata=/usr/lib/python3/dist-packages/types_uWSGI-2.0.dist-info
types-vobject	0.9.9	/usr/bin/python3	/usr/lib/python3/dist-packages	apt-managed-python	python3-typeshed		Install Debian package python3-typeshed	metadata=/usr/lib/python3/dist-packages/types_vobject-0.9.9.dist-info
types-waitress	3.0.1	/usr/bin/python3	/usr/lib/python3/dist-packages	apt-managed-python	python3-typeshed		Install Debian package python3-typeshed	metadata=/usr/lib/python3/dist-packages/types_waitress-3.0.1.dist-info
types-WebOb	1.8	/usr/bin/python3	/usr/lib/python3/dist-packages	apt-managed-python	python3-typeshed		Install Debian package python3-typeshed	metadata=/usr/lib/python3/dist-packages/types_WebOb-1.8.dist-info
types-whatthepatch	1.0	/usr/bin/python3	/usr/lib/python3/dist-packages	apt-managed-python	python3-typeshed		Install Debian package python3-typeshed	metadata=/usr/lib/python3/dist-packages/types_whatthepatch-1.0.dist-info
types-workalendar	17.0	/usr/bin/python3	/usr/lib/python3/dist-packages	apt-managed-python	python3-typeshed		Install Debian package python3-typeshed	metadata=/usr/lib/python3/dist-packages/types_workalendar-17.0.dist-info
types-WTForms	3.2.1	/usr/bin/python3	/usr/lib/python3/dist-packages	apt-managed-python	python3-typeshed		Install Debian package python3-typeshed	metadata=/usr/lib/python3/dist-packages/types_WTForms-3.2.1.dist-info
types-wurlitzer	3.1	/usr/bin/python3	/usr/lib/python3/dist-packages	apt-managed-python	python3-typeshed		Install Debian package python3-typeshed	metadata=/usr/lib/python3/dist-packages/types_wurlitzer-3.1.dist-info
types-xdgenvpy	3.0	/usr/bin/python3	/usr/lib/python3/dist-packages	apt-managed-python	python3-typeshed		Install Debian package python3-typeshed	metadata=/usr/lib/python3/dist-packages/types_xdgenvpy-3.0.dist-info
types-xmltodict	0.14	/usr/bin/python3	/usr/lib/python3/dist-packages	apt-managed-python	python3-typeshed		Install Debian package python3-typeshed	metadata=/usr/lib/python3/dist-packages/types_xmltodict-0.14.dist-info
types-zstd	1.5	/usr/bin/python3	/usr/lib/python3/dist-packages	apt-managed-python	python3-typeshed		Install Debian package python3-typeshed	metadata=/usr/lib/python3/dist-packages/types_zstd-1.5.dist-info
types-zxcvbn	4.4	/usr/bin/python3	/usr/lib/python3/dist-packages	apt-managed-python	python3-typeshed		Install Debian package python3-typeshed	metadata=/usr/lib/python3/dist-packages/types_zxcvbn-4.4.dist-info
typing_extensions	4.13.2	/usr/bin/python3	/usr/lib/python3/dist-packages	apt-managed-python	python3-typing-extensions		Install Debian package python3-typing-extensions	metadata=/usr/lib/python3/dist-packages/typing_extensions-4.13.2.dist-info
uc-micro-py	1.0.3	/usr/bin/python3	/usr/lib/python3/dist-packages	apt-managed-python	python3-uc-micro		Install Debian package python3-uc-micro	metadata=/usr/lib/python3/dist-packages/uc_micro_py-1.0.3.dist-info
uritemplate	4.1.1	/usr/bin/python3	/usr/lib/python3/dist-packages	apt-managed-python	python3-uritemplate		Install Debian package python3-uritemplate	metadata=/usr/lib/python3/dist-packages/uritemplate-4.1.1.egg-info
urllib3	2.3.0	/usr/bin/python3	/usr/lib/python3/dist-packages	apt-managed-python	python3-urllib3		Install Debian package python3-urllib3	metadata=/usr/lib/python3/dist-packages/urllib3-2.3.0.dist-info
urwid	2.6.16	/usr/bin/python3	/usr/lib/python3/dist-packages	apt-managed-python	python3-urwid		Install Debian package python3-urwid	metadata=/usr/lib/python3/dist-packages/urwid-2.6.16.dist-info
videodev2	0.0.4	/usr/bin/python3	/usr/lib/python3/dist-packages	apt-managed-python	python3-videodev2		Install Debian package python3-videodev2	metadata=/usr/lib/python3/dist-packages/videodev2-0.0.4.egg-info
virtualenv	20.31.2	/usr/bin/python3	/usr/lib/python3/dist-packages	apt-managed-python	python3-virtualenv		Install Debian package python3-virtualenv	metadata=/usr/lib/python3/dist-packages/virtualenv-20.31.2.dist-info
wcwidth	0.2.13	/usr/bin/python3	/usr/lib/python3/dist-packages	apt-managed-python	python3-wcwidth		Install Debian package python3-wcwidth	metadata=/usr/lib/python3/dist-packages/wcwidth-0.2.13.egg-info
webcolors	1.13	/usr/bin/python3	/usr/lib/python3/dist-packages	apt-managed-python	python3-webcolors		Install Debian package python3-webcolors	metadata=/usr/lib/python3/dist-packages/webcolors-1.13.dist-info
webencodings	0.5.1	/usr/bin/python3	/usr/lib/python3/dist-packages	apt-managed-python	python3-webencodings		Install Debian package python3-webencodings	metadata=/usr/lib/python3/dist-packages/webencodings-0.5.1.egg-info
websockets	15.0.1	/usr/bin/python3	/usr/lib/python3/dist-packages	apt-managed-python	python3-websockets		Install Debian package python3-websockets	metadata=/usr/lib/python3/dist-packages/websockets-15.0.1.egg-info
Werkzeug	3.1.3	/usr/bin/python3	/usr/lib/python3/dist-packages	apt-managed-python	python3-werkzeug		Install Debian package python3-werkzeug	metadata=/usr/lib/python3/dist-packages/werkzeug-3.1.3.dist-info
wheel	0.46.1	/usr/bin/python3	/usr/lib/python3/dist-packages	apt-managed-python	python3-wheel		Install Debian package python3-wheel	metadata=/usr/lib/python3/dist-packages/wheel-0.46.1.dist-info
yt-dlp	2025.4.30	/usr/bin/python3	/usr/lib/python3/dist-packages	apt-managed-python	yt-dlp		Install Debian package yt-dlp	metadata=/usr/lib/python3/dist-packages/yt_dlp-2025.4.30.dist-info
zipp	3.21.0	/usr/bin/python3	/usr/lib/python3/dist-packages	apt-managed-python	python3-zipp		Install Debian package python3-zipp	metadata=/usr/lib/python3/dist-packages/zipp-3.21.0.dist-info
__virtualenv__	Python 3.13.5	/home/frost/venvs/ai/bin/python	/home/frost/venvs/ai	virtualenv		/home/frost/venvs/ai	Recreate virtual environment; see freeze output path in notes	pip_freeze=/home/frost/Macintosh-PiForma-docs/packages/python-venv-freeze/home__frost__venvs__ai.txt; active or historical status not proven; purpose inferred from path only
__virtualenv__	Python 3.13.5	/home/frost/.local/share/virtualenvs/frost-YFVTSGlW/bin/python	/home/frost/.local/share/virtualenvs/frost-YFVTSGlW	virtualenv		/home/frost/.local/share/virtualenvs/frost-YFVTSGlW	Recreate virtual environment; see freeze output path in notes	pip_freeze=/home/frost/Macintosh-PiForma-docs/packages/python-venv-freeze/home__frost__.local__share__virtualenvs__frost-YFVTSGlW.txt; active or historical status not proven; purpose inferred from path only
__virtualenv__	Python 3.13.5	/home/frost/linamp/venv/bin/python	/home/frost/linamp/venv	virtualenv		/home/frost/linamp/venv	Recreate virtual environment; see freeze output path in notes	pip_freeze=/home/frost/Macintosh-PiForma-docs/packages/python-venv-freeze/home__frost__linamp__venv.txt; active or historical status not proven; purpose inferred from path only
